team_name,player_name,avg_impact,avg_impact_pct,avg_passes,avg_betweenness,matches_played
1. FC Heidenheim 1846,Lennard Maloney,0.008789070991121797,0.8789070991121798,24.0,0.0951331232071028,28
1. FC Heidenheim 1846,Omar Traoré,0.008383285672591521,0.8383285672591522,26.516129032258064,0.07530536134798808,31
1. FC Heidenheim 1846,Tim Kleindienst,0.008217945578555916,0.8217945578555916,14.666666666666666,0.1214834808449527,33
1. FC Heidenheim 1846,Jonas Föhrenbach,0.008133589921520282,0.8133589921520282,29.87878787878788,0.05291291480685421,33
1. FC Heidenheim 1846,Patrick Mainka,0.006327664342606931,0.632766434260693,36.85294117647059,0.0654171728909124,34
1. FC Heidenheim 1846,Jan Schöppner,0.0036488023095833486,0.36488023095833483,16.807692307692307,0.09634903075150328,26
1. FC Heidenheim 1846,Niklas Beste,0.0035492869988881666,0.35492869988881665,15.67741935483871,0.09566792121515624,31
1. FC Heidenheim 1846,Tim Siersleben,-0.00019640812456813336,-0.019640812456813334,36.083333333333336,0.05359010147700624,12
1. FC Heidenheim 1846,Benedikt Gimber,-0.00048710314779626396,-0.048710314779626396,28.833333333333332,0.03651239991269753,24
1. FC Heidenheim 1846,Eren Dinkçi,-0.0028692869113164762,-0.2869286911316476,13.848484848484848,0.07285955006193102,33
1. FC Heidenheim 1846,Marvin Pieringer,-0.004114619795840183,-0.41146197958401826,9.258064516129032,0.06735064091054875,31
1. FC Heidenheim 1846,Kevin Müller,-0.0069627664161007186,-0.6962766416100719,25.705882352941178,0.04185950895509719,34
1. FC Heidenheim 1846,Norman Theuerkauf,-0.007645208539131785,-0.7645208539131784,17.36,0.058723518280661136,25
1. FC Heidenheim 1846,Adrian Beck,-0.008215416479823393,-0.8215416479823393,13.565217391304348,0.06425593385220715,23
1. FC Heidenheim 1846,Nikola Dovedan,-0.008253271408399343,-0.8253271408399343,6.15,0.06180010597867741,20
1. FC Heidenheim 1846,Marnon Busch,-0.010316679045791907,-1.0316679045791908,17.0625,0.051172311071864644,16
1. FC Heidenheim 1846,Kevin Sessa,-0.012562869896600489,-1.2562869896600488,10.551724137931034,0.07934715257375356,29
1. FC Heidenheim 1846,Denis Thomalla,-0.012993567606286123,-1.2993567606286123,7.444444444444445,0.04361869611869612,18
1. FC Heidenheim 1846,Florian Pick,-0.013682792089144998,-1.3682792089144997,6.294117647058823,0.04717221737179721,17
1. FC Heidenheim 1846,Stefan Schimmer,-0.015396030189032085,-1.5396030189032086,1.2307692307692308,0.014768423477214687,13
1. FC Köln,Dejan Ljubicic,0.012983210757793765,1.2983210757793766,24.923076923076923,0.08673640487514113,26
1. FC Köln,Eric Martel,0.010714209923160562,1.0714209923160563,29.966666666666665,0.09751918011441821,30
1. FC Köln,Timo Hübers,0.0079285491414545,0.79285491414545,47.516129032258064,0.0767823069147954,31
1. FC Köln,Max Finkgräfe,0.006062677784585936,0.6062677784585936,24.041666666666668,0.08104640371753467,24
1. FC Köln,Florian Kainz,0.005071884783469626,0.5071884783469626,21.939393939393938,0.07096688404588838,33
1. FC Köln,Rasmus Carstensen,0.003478645580652951,0.34786455806529504,25.304347826086957,0.0901042361135529,23
1. FC Köln,Leart Paçarada,0.00337945927261718,0.33794592726171807,26.176470588235293,0.0885974646268764,17
1. FC Köln,Denis Huseinbasic,0.0022897867967039197,0.22897867967039195,25.46153846153846,0.07595819702275747,26
1. FC Köln,Jeff Chabot,0.0019097802616989089,0.1909780261698909,40.09375,0.05060909638476603,32
1. FC Köln,Luca Kilian,-0.0016482292849080333,-0.16482292849080335,19.666666666666668,0.04468709421090374,12
1. FC Köln,Jan Thielmann,-0.0032676049863198386,-0.32676049863198386,16.523809523809526,0.10191749482565808,21
1. FC Köln,Benno Schmitz,-0.003685734327918905,-0.3685734327918905,22.40909090909091,0.06190038166499206,22
1. FC Köln,Luca Waldschmidt,-0.004031517647862481,-0.4031517647862481,13.954545454545455,0.09319423541826138,22
1. FC Köln,Marvin Schwäbe,-0.004807616066428694,-0.48076160664286943,25.205882352941178,0.046470819874181224,34
1. FC Köln,Linton Maina,-0.005042321403820029,-0.504232140382003,15.064516129032258,0.08150438463226482,31
1. FC Köln,Mark Uth,-0.0059409593203606096,-0.5940959320360609,9.727272727272727,0.04974575328471433,11
1. FC Köln,Dominique Heintz,-0.006839827855156559,-0.6839827855156558,27.083333333333332,0.020113968923492733,12
1. FC Köln,Sargis Adamyan,-0.008804547158965368,-0.8804547158965368,6.944444444444445,0.04586029711029712,18
1. FC Köln,Davie Selke,-0.00950037667045707,-0.9500376670457069,7.421052631578948,0.08646255999639459,19
1. FC Köln,Faride Alidou,-0.010254877176536111,-1.025487717653611,7.346153846153846,0.06458465603383187,26
1. FC Köln,Steffen Tigges,-0.011731795697562003,-1.1731795697562002,4.56,0.0561668093810951,25
1. FC Köln,Justin Diehl,-0.013156398217662044,-1.3156398217662044,5.142857142857143,0.07910190338761768,7
1. FC Köln,Damion Downs,-0.01735715802359304,-1.7357158023593042,2.6666666666666665,0.03326695203679331,9
1. FC Köln,Mathias Olesen,-0.020740473611359334,-2.0740473611359334,7.0,0.04620472120472121,6
1. FC Köln,Jacob Christensen,-0.021360241138125808,-2.136024113812581,10.5,0.0746018509708986,6
1. FC Union Berlin,Diogo Leite,0.01356982133910092,1.356982133910092,38.1875,0.09248914118162059,32
1. FC Union Berlin,Danilho Doekhi,0.010312133990022121,1.031213399002212,30.208333333333332,0.05643658645146741,24
1. FC Union Berlin,Lucas Tousart,0.00935978694171544,0.935978694171544,17.391304347826086,0.10574378082500395,23
1. FC Union Berlin,Kevin Vogt,0.00647820449045345,0.647820449045345,37.8125,0.06322965083095577,16
1. FC Union Berlin,Robin Knoche,0.005509763118170132,0.5509763118170131,36.666666666666664,0.062099836044433115,24
1. FC Union Berlin,Christopher Trimmel,0.004263646561462997,0.4263646561462997,21.615384615384617,0.07263030182303218,26
1. FC Union Berlin,Robin Gosens,0.003571830012459302,0.3571830012459302,26.866666666666667,0.07066416072734755,30
1. FC Union Berlin,Josip Juranovic,0.0035166673443795247,0.3516667344379525,20.952380952380953,0.07873221449752063,21
1. FC Union Berlin,Janik Haberer,0.0024025058857658856,0.24025058857658857,18.285714285714285,0.07452317591511731,21
1. FC Union Berlin,András Schäfer,0.00039579831440249015,0.039579831440249014,19.9,0.07624918711731898,20
1. FC Union Berlin,Sheraldo Becker,-6.008433532637843e-05,-0.006008433532637843,15.0,0.07104755033326463,11
1. FC Union Berlin,Kevin Behrens,-0.0003825211044630307,-0.03825211044630307,12.11111111111111,0.08912008462527389,18
1. FC Union Berlin,Frederik Rönnow,-0.0013554712779197716,-0.1355471277919772,22.545454545454547,0.052647889412791186,33
1. FC Union Berlin,Leonardo Bonucci,-0.0013646018847309602,-0.13646018847309602,24.428571428571427,0.05042375802579885,7
1. FC Union Berlin,Rani Khedira,-0.001371468508968282,-0.13714685089682818,16.15,0.09201059863010413,20
1. FC Union Berlin,Alex Král,-0.0028318259517771164,-0.28318259517771166,13.666666666666666,0.1002113043058556,24
1. FC Union Berlin,Aïssa Laïdouni,-0.0038880880293823417,-0.38880880293823417,16.434782608695652,0.08102054432799775,23
1. FC Union Berlin,Benedict Hollerbach,-0.005210317550349679,-0.5210317550349679,9.071428571428571,0.05438352173438516,28
1. FC Union Berlin,Brenden Aaronson,-0.006448875541208288,-0.6448875541208288,11.766666666666667,0.06983979753118948,30
1. FC Union Berlin,David Datro Fofana,-0.008965967289585347,-0.8965967289585347,8.583333333333334,0.04680945597612265,12
1. FC Union Berlin,Kevin Volland,-0.009545113895125724,-0.9545113895125724,9.653846153846153,0.07656463144100507,26
1. FC Union Berlin,Yorbe Vertessen,-0.009660403521350131,-0.966040352135013,6.846153846153846,0.05307853522139236,13
1. FC Union Berlin,Mikkel Kaufmann,-0.010847228858613105,-1.0847228858613105,3.9444444444444446,0.05552078596797767,18
1. FC Union Berlin,Jérôme Roussillon,-0.013073729412578894,-1.3073729412578894,11.363636363636363,0.03755921327349899,22
1. FC Union Berlin,Paul Jaeckel,-0.0193969557644037,-1.9396955764403698,20.166666666666668,0.03290554683411826,6
1. FC Union Berlin,Chris Bedia,-0.0280354359637229,-2.80354359637229,2.2857142857142856,0.01032817522613441,7
1. FSV Mainz 05,Nadiem Amiri,0.02626379413456131,2.6263794134561307,35.2,0.07866127699461033,15
1. FSV Mainz 05,Anthony Caci,0.008672146383196157,0.8672146383196158,33.74193548387097,0.08326686072077778,31
1. FSV Mainz 05,Phillipp Mwene,0.005988801723887832,0.5988801723887832,25.73913043478261,0.09193681024784704,23
1. FSV Mainz 05,Sepp van den Berg,0.005592536521843792,0.5592536521843793,34.75757575757576,0.08615858948651156,33
1. FSV Mainz 05,Leandro Barreiro,0.003884636153774721,0.3884636153774721,21.741935483870968,0.101095444494062,31
1. FSV Mainz 05,Dominik Kohr,0.002820351286485175,0.2820351286485175,27.2,0.06512118889454054,30
1. FSV Mainz 05,Jonathan Burkardt,0.002790924728995865,0.2790924728995865,12.047619047619047,0.09264165815578689,21
1. FSV Mainz 05,Jae-sung Lee,0.0020729969124207953,0.20729969124207953,20.413793103448278,0.07939639327522995,29
1. FSV Mainz 05,Silvan Widmer,0.00032646573849687277,0.03264657384968728,22.85,0.08103570536606251,20
1. FSV Mainz 05,Brajan Gruda,-0.0002007281872064559,-0.020072818720645622,13.464285714285714,0.06934073510506007,28
1. FSV Mainz 05,Maxim Leitsch,-0.0011414094839566585,-0.11414094839566578,17.714285714285715,0.08072797100858324,7
1. FSV Mainz 05,Danny da Costa,-0.0024698001835231306,-0.24698001835231304,17.647058823529413,0.046565018004093635,17
1. FSV Mainz 05,Robin Zentner,-0.0034348794708078984,-0.3434879470807898,17.133333333333333,0.048879755165469455,30
1. FSV Mainz 05,Karim Onisiwo,-0.004264770282551039,-0.426477028255104,7.791666666666667,0.0796711977057673,24
1. FSV Mainz 05,Tom Krauß,-0.004456606578549045,-0.44566065785490444,16.06896551724138,0.05987116025245999,29
1. FSV Mainz 05,Andreas Hanche-Olsen,-0.004863373188208649,-0.4863373188208649,22.4,0.040191669001192816,15
1. FSV Mainz 05,Stefan Bell,-0.005041743265893716,-0.5041743265893717,28.7,0.05022990237275952,10
1. FSV Mainz 05,Aymen Barkok,-0.0052468692889690366,-0.5246869288969036,8.076923076923077,0.058668946031583395,13
1. FSV Mainz 05,Merveille Papela,-0.00546140371057148,-0.546140371057148,7.625,0.07379602235371466,8
1. FSV Mainz 05,Ludovic Ajorque,-0.00844718085344006,-0.8447180853440059,11.72,0.07632181892181893,25
1. FSV Mainz 05,Marco Richter,-0.00890574065939998,-0.890574065939998,8.05,0.04849959889520329,20
1. FSV Mainz 05,Edimilson Fernandes,-0.01159892887173849,-1.159892887173849,29.35,0.05038392592856879,20
1. FSV Mainz 05,Nelson Weiper,-0.016007605475572607,-1.6007605475572606,5.2,0.04063364149078435,5
1. FSV Mainz 05,Josuha Guilavogui,-0.01822379228206692,-1.8223792282066922,14.272727272727273,0.04426573426573426,11
1. FSV Mainz 05,Jessic Ngankam,-0.02996426562341442,-2.996426562341442,2.0,0.020599017384731664,6
Bayer 04 Leverkusen,Exequiel Palacios,0.011247179136510669,1.124717913651067,75.33333333333333,0.0448584632959633,24
Bayer 04 Leverkusen,Granit Xhaka,0.007040044131804755,0.7040044131804756,89.18181818181819,0.049990272674255355,33
Bayer 04 Leverkusen,Odilon Kossounou,0.0063302411888242404,0.633024118882424,58.476190476190474,0.08359484430913003,21
Bayer 04 Leverkusen,Jonas Hofmann,0.004109283366298032,0.4109283366298032,36.28125,0.09940557375825233,32
Bayer 04 Leverkusen,Edmond Tapsoba,0.004051031874686234,0.4051031874686234,65.18518518518519,0.05081226631491182,27
Bayer 04 Leverkusen,Jonathan Tah,0.0023989033212413317,0.23989033212413316,64.3225806451613,0.07346896702887487,31
Bayer 04 Leverkusen,Florian Wirtz,0.0017292486911833632,0.17292486911833632,46.53125,0.08199528584015191,32
Bayer 04 Leverkusen,Alejandro Grimaldo,0.0009804341146941293,0.09804341146941294,50.60606060606061,0.07865606975996586,33
Bayer 04 Leverkusen,Nadiem Amiri,-0.0015093311879664467,-0.15093311879664467,13.428571428571429,0.029453041289775984,7
Bayer 04 Leverkusen,Piero Hincapié,-0.001662323032939413,-0.1662323032939413,54.375,0.054134008352758355,24
Bayer 04 Leverkusen,Robert Andrich,-0.003719823882147144,-0.37198238821471435,46.035714285714285,0.07727381037330017,28
Bayer 04 Leverkusen,Borja Iglesias,-0.004442598466414863,-0.4442598466414863,7.142857142857143,0.08662872841444269,7
Bayer 04 Leverkusen,Gustavo Puerta,-0.004700540219569893,-0.4700540219569893,5.857142857142857,0.04272108843537415,7
Bayer 04 Leverkusen,Josip Stanisic,-0.004985959299683818,-0.49859592996838176,47.75,0.08196104688961832,20
Bayer 04 Leverkusen,Adam Hlozek,-0.005346625382137582,-0.5346625382137582,6.15,0.08206236422307851,20
Bayer 04 Leverkusen,Amine Adli,-0.006475000513921788,-0.6475000513921788,15.391304347826088,0.08073516315752341,23
Bayer 04 Leverkusen,Victor Boniface,-0.006554769221162271,-0.6554769221162271,12.681818181818182,0.10014729078040766,22
Bayer 04 Leverkusen,Jeremie Frimpong,-0.006905650798541759,-0.6905650798541759,26.161290322580644,0.10537261104657418,31
Bayer 04 Leverkusen,Nathan Tella,-0.007531179539958267,-0.7531179539958267,11.458333333333334,0.10220342818557104,24
Bayer 04 Leverkusen,Lukas Hradecky,-0.008131955094396204,-0.8131955094396204,17.727272727272727,0.10153700336059644,33
Bayer 04 Leverkusen,Patrik Schick,-0.010009404455595977,-1.0009404455595976,8.75,0.10366701750630322,20
Borussia Dortmund,Emre Can,0.006724810861276947,0.6724810861276945,49.64,0.07808126635269493,25
Borussia Dortmund,Ian Maatsen,0.005925668194799359,0.5925668194799358,56.75,0.051203200734450734,16
Borussia Dortmund,Nico Schlotterbeck,0.003814565831434237,0.3814565831434237,70.48484848484848,0.049696113570572444,33
Borussia Dortmund,Mats Hummels,0.002976443767338659,0.2976443767338659,48.48,0.07189921850636137,25
Borussia Dortmund,Julian Ryerson,0.0023510286520448767,0.23510286520448767,45.476190476190474,0.06654542484474459,21
Borussia Dortmund,Salih Özcan,0.0012168684505114605,0.12168684505114605,28.434782608695652,0.09864274614274615,23
Borussia Dortmund,Julian Brandt,0.00120534070123543,0.120534070123543,31.0625,0.09444000258174366,32
Borussia Dortmund,Jadon Sancho,0.0009967843875198859,0.09967843875198858,28.714285714285715,0.055703694453694455,14
Borussia Dortmund,Marcel Sabitzer,0.0006022588093583714,0.06022588093583714,33.24,0.08857828150685293,25
Borussia Dortmund,Ramy Bensebaini,0.0002021114195297144,0.02021114195297144,42.9375,0.050474361121682555,16
Borussia Dortmund,Marco Reus,-0.0009647375526192642,-0.09647375526192642,21.192307692307693,0.08165249433106576,26
Borussia Dortmund,Donyell Malen,-0.0012783750881649161,-0.1278375088164916,14.703703703703704,0.09409323284984661,27
Borussia Dortmund,Thomas Meunier,-0.0016779292500740395,-0.16779292500740395,46.5,0.04475152740777741,8
Borussia Dortmund,Marius Wolf,-0.0019008760152102997,-0.19008760152102994,30.761904761904763,0.04643515403719486,21
Borussia Dortmund,Gregor Kobel,-0.00236657392408767,-0.236657392408767,30.925925925925927,0.0387159210571909,27
Borussia Dortmund,Niclas Füllkrug,-0.0034214536980576708,-0.34214536980576704,12.344827586206897,0.10301656562740306,29
Borussia Dortmund,Felix Nmecha,-0.0034910072674416703,-0.34910072674416703,19.45,0.09972341415198557,20
Borussia Dortmund,Niklas Süle,-0.003598519649068452,-0.3598519649068452,57.21739130434783,0.05952159813961056,23
Borussia Dortmund,Youssoufa Moukoko,-0.004743249493736485,-0.47432494937364844,5.05,0.06737401157044015,20
Borussia Dortmund,Karim Adeyemi,-0.0049341348201404,-0.49341348201404,9.523809523809524,0.09861833870337272,21
Borussia Dortmund,Sébastien Haller,-0.005309806557219775,-0.5309806557219774,5.357142857142857,0.062211798028124564,14
Borussia Dortmund,Giovanni Reyna,-0.005413572365626986,-0.5413572365626986,14.090909090909092,0.10534189836137887,11
Borussia Dortmund,Jamie Gittens,-0.005930019367894901,-0.5930019367894901,11.32,0.06499570455999028,25
Borussia Dortmund,Alexander Meyer,-0.006954801241426861,-0.6954801241426861,33.5,0.03792281131566846,8
Borussia Mönchengladbach,Julian Weigl,0.021201912122365076,2.1201912122365076,39.83870967741935,0.1146082898156631,31
Borussia Mönchengladbach,Maximilian Wöber,0.009885020306069693,0.9885020306069694,46.2,0.04952399558113844,25
Borussia Mönchengladbach,Manu Koné,0.005012119698523554,0.5012119698523554,25.636363636363637,0.07971906040087859,22
Borussia Mönchengladbach,Joe Scally,0.004478314750277583,0.4478314750277583,34.266666666666666,0.09443075443075442,30
Borussia Mönchengladbach,Alassane Pléa,0.004369599328514362,0.43695993285143614,19.296296296296298,0.07686960183653306,27
Borussia Mönchengladbach,Rocco Reitz,0.0042147041929959305,0.42147041929959306,22.176470588235293,0.08408988303946287,34
Borussia Mönchengladbach,Nico Elvedi,0.0038626339493597803,0.386263394935978,48.2,0.04584390124866315,30
Borussia Mönchengladbach,Franck Honorat,0.0019303166252460369,0.1930316625246037,23.5625,0.08788588643499358,32
Borussia Mönchengladbach,Florian Neuhaus,0.0015069986891381678,0.1506998689138168,19.695652173913043,0.0704025604025604,23
Borussia Mönchengladbach,Luca Netz,0.0011486110865112716,0.11486110865112716,30.433333333333334,0.08576910126910127,30
Borussia Mönchengladbach,Moritz Nicolas,-0.001107920375646044,-0.1107920375646044,24.296296296296298,0.043512522897443534,27
Borussia Mönchengladbach,Ko Itakura,-0.0013852268347561204,-0.13852268347561203,38.6,0.06740984610627468,20
Borussia Mönchengladbach,Stefan Lainer,-0.0014495412529397604,-0.14495412529397605,23.933333333333334,0.04254817140531427,15
Borussia Mönchengladbach,Jonas Omlin,-0.001989799793642666,-0.1989799793642666,23.285714285714285,0.060422055268994045,7
Borussia Mönchengladbach,Marvin Friedrich,-0.003259575173845955,-0.3259575173845955,33.04347826086956,0.05236685846934295,23
Borussia Mönchengladbach,Jordan,-0.0037832530733975475,-0.3783253073397547,8.826086956521738,0.10726254680447228,23
Borussia Mönchengladbach,Robin Hack,-0.0038075618807259476,-0.38075618807259476,13.241379310344827,0.06624492639270965,29
Borussia Mönchengladbach,Nathan Ngoumou,-0.010000090063200781,-1.0000090063200782,9.78125,0.05585861063539635,32
Borussia Mönchengladbach,Tomas Cvancara,-0.011096647044379768,-1.1096647044379768,5.9523809523809526,0.09033359497645213,21
Borussia Mönchengladbach,Christoph Kramer,-0.013460025755614113,-1.3460025755614113,10.666666666666666,0.0906182287729907,12
Borussia Mönchengladbach,Patrick Herrmann,-0.013538532042561072,-1.3538532042561071,4.25,0.034983468912040336,8
Borussia Mönchengladbach,Grant-Leon Ranos,-0.016259126517705374,-1.6259126517705371,2.111111111111111,0.0306849719944958,9
Borussia Mönchengladbach,Fabio Chiarodia,-0.02335250876158046,-2.335250876158046,10.714285714285714,0.024450424858588126,7
Eintracht Frankfurt,Willian Pacho,0.013000004091772696,1.3000004091772697,57.878787878787875,0.06068298984965651,33
Eintracht Frankfurt,Ellyes Skhiri,0.012386346051850381,1.238634605185038,38.55555555555556,0.07185741311402688,27
Eintracht Frankfurt,Mario Götze,0.008970968591688437,0.8970968591688437,33.7,0.08305890890414701,30
Eintracht Frankfurt,Robin Koch,0.005519481989798394,0.5519481989798394,58.0,0.06926593162768278,31
Eintracht Frankfurt,Tuta,0.005086970569864136,0.5086970569864135,50.8,0.05191809777524063,30
Eintracht Frankfurt,Hugo Larsson,0.004468533683358334,0.4468533683358334,27.24137931034483,0.08362707125022396,29
Eintracht Frankfurt,Philipp Max,0.003489086105839452,0.3489086105839451,30.652173913043477,0.06597398345845551,23
Eintracht Frankfurt,Farès Chaïbi,0.003044707282486978,0.30447072824869775,19.5,0.10879230416220212,28
Eintracht Frankfurt,Junior Dina Ebimbe,-0.0007941362615802888,-0.07941362615802887,23.0,0.07405420701503651,31
Eintracht Frankfurt,Omar Marmoush,-0.0012328436035904694,-0.12328436035904695,13.482758620689655,0.1255541256772784,29
Eintracht Frankfurt,Ansgar Knauff,-0.002369183852019083,-0.2369183852019083,15.0,0.09555056182936368,31
Eintracht Frankfurt,Aurélio Buta,-0.0025536432101932608,-0.2553643210193261,27.933333333333334,0.08489746496889355,30
Eintracht Frankfurt,Jean-Mattéo Bahoya,-0.0025616205402713777,-0.25616205402713776,8.714285714285714,0.04779671575589944,7
Eintracht Frankfurt,Niels Nkounkou,-0.0031049498447323154,-0.31049498447323154,19.75862068965517,0.07017999697802654,29
Eintracht Frankfurt,Donny van de Beek,-0.003257281669333048,-0.3257281669333048,13.25,0.06359579408686553,8
Eintracht Frankfurt,Kevin Trapp,-0.0056828725370432105,-0.5682872537043211,21.3125,0.0706930841975485,32
Eintracht Frankfurt,Timothy Chandler,-0.006852820871689462,-0.6852820871689461,2.6666666666666665,0.02294252044252044,6
Eintracht Frankfurt,Paxten Aaronson,-0.008453208796539022,-0.8453208796539023,5.571428571428571,0.05499408188183698,7
Eintracht Frankfurt,Hugo Ekitiké,-0.00874564176373706,-0.8745641763737061,8.714285714285714,0.08259192810213219,14
Eintracht Frankfurt,Sebastian Rode,-0.012940951471206316,-1.2940951471206317,5.25,0.0279655612244898,8
Eintracht Frankfurt,Nacho Ferri,-0.013368232689123365,-1.3368232689123365,2.4285714285714284,0.019031422092646584,7
Eintracht Frankfurt,Jessic Ngankam,-0.013486058257083901,-1.3486058257083902,2.4285714285714284,0.02648005905658967,14
Eintracht Frankfurt,Sasa Kalajdzic,-0.014486121193227364,-1.4486121193227364,11.8,0.10683135647421363,5
Eintracht Frankfurt,Jens Petter Hauge,-0.01639942024614799,-1.639942024614799,6.7,0.06149127856270714,10
Eintracht Frankfurt,Makoto Hasebe,-0.016647806288903215,-1.6647806288903213,22.142857142857142,0.052714256642828076,7
Eintracht Frankfurt,Hrvoje Smolcic,-0.01921347460348255,-1.921347460348255,27.1,0.007719823826966685,10
FC Augsburg,Jeffrey Gouweleeuw,0.014602015506596,1.4602015506596,36.266666666666666,0.0511052301890214,30
FC Augsburg,Elvis Rexhbecaj,0.013701253987698751,1.3701253987698752,21.0,0.10371741063169634,25
FC Augsburg,Felix Uduokhai,0.009720480191227936,0.9720480191227936,40.121212121212125,0.06265992683824852,33
FC Augsburg,Kristijan Jakic,0.009001644984000856,0.9001644984000856,27.714285714285715,0.08275393918251062,14
FC Augsburg,Kevin Mbabu,0.00877603521697968,0.8776035216979681,23.16,0.10948842295270866,25
FC Augsburg,Niklas Dorsch,0.008221351851639197,0.8221351851639197,25.285714285714285,0.07800729001409275,21
FC Augsburg,Iago,0.007881764548841713,0.7881764548841713,21.956521739130434,0.09264613061196912,23
FC Augsburg,Arne Maier,0.003605111938503124,0.3605111938503124,19.904761904761905,0.06547826587138467,21
FC Augsburg,Maximilian Bauer,0.002879117213760338,0.2879117213760337,32.07692307692308,0.05401061392819635,13
FC Augsburg,Mads Pedersen,0.0005625942380554628,0.05625942380554628,23.185185185185187,0.05957025281506357,27
FC Augsburg,Ermedin Demirovic,-0.00031859074433237763,-0.031859074433237766,10.818181818181818,0.11989260797785607,33
FC Augsburg,Finn Dahmen,-0.002222382713906387,-0.22223827139063868,27.193548387096776,0.06387933137667275,31
FC Augsburg,Rubén Vargas,-0.0025491367483405384,-0.25491367483405386,14.225806451612904,0.0686783953373815,31
FC Augsburg,Patric Pfeiffer,-0.003030699558153645,-0.3030699558153645,16.90909090909091,0.05465917680203396,11
FC Augsburg,Fredrik Jensen,-0.0060923699666572,-0.60923699666572,11.909090909090908,0.05526393820224989,22
FC Augsburg,Phillip Tietz,-0.006280025527346669,-0.6280025527346669,9.264705882352942,0.06955372654710082,34
FC Augsburg,Tim Breithaupt,-0.00791402771335675,-0.7914027713356748,15.0,0.04645903719804819,15
FC Augsburg,Arne Engels,-0.008364444067094974,-0.8364444067094974,11.9375,0.06077096219180698,32
FC Augsburg,Pep Biel,-0.012222315026912824,-1.2222315026912824,8.272727272727273,0.0678517057737837,11
FC Augsburg,Dion Beljo,-0.014809297073597856,-1.4809297073597856,4.44,0.06141484970056399,25
FC Augsburg,Sven Michel,-0.01597913927588731,-1.597913927588731,4.181818181818182,0.04918646168646169,22
FC Augsburg,Robert Gumny,-0.020729826538344456,-2.072982653834446,10.0,0.049984331907408835,13
FC Bayern München,Joshua Kimmich,0.0028757444350598705,0.2875744435059871,65.71428571428571,0.047658347887939725,28
FC Bayern München,Leon Goretzka,0.0007033005303330286,0.07033005303330286,50.333333333333336,0.06319070744070744,30
FC Bayern München,Dayot Upamecano,0.0006926215301989602,0.06926215301989602,64.84,0.04941166558309416,25
FC Bayern München,Noussair Mazraoui,-0.0001343712618303163,-0.013437126183031629,44.73684210526316,0.0621274444018805,19
FC Bayern München,Aleksandar Pavlovic,-0.0009434807331422393,-0.09434807331422394,46.21052631578947,0.06208848169374485,19
FC Bayern München,Min-jae Kim,-0.0015966582376383265,-0.15966582376383265,77.12,0.03869827685541972,25
FC Bayern München,Sven Ulreich,-0.00255383611425387,-0.255383611425387,25.727272727272727,0.10410339660339661,11
FC Bayern München,Kingsley Coman,-0.002700263104905839,-0.2700263104905839,29.705882352941178,0.06892258457384508,17
FC Bayern München,Eric Dier,-0.0027247116877312442,-0.27247116877312444,66.06666666666666,0.05964976557833701,15
FC Bayern München,Harry Kane,-0.0028581831582196356,-0.28581831582196354,14.21875,0.17564486687254546,32
FC Bayern München,Alphonso Davies,-0.0030610447117509028,-0.30610447117509026,48.55172413793103,0.06116620380167179,29
FC Bayern München,Konrad Laimer,-0.0034141542153417583,-0.34141542153417587,43.275862068965516,0.07683843068079522,29
FC Bayern München,Bryan Zaragoza,-0.003439425093200356,-0.3439425093200356,8.142857142857142,0.0404025792801303,7
FC Bayern München,Serge Gnabry,-0.003624617136492958,-0.3624617136492958,17.2,0.08028865050293621,10
FC Bayern München,Leroy Sané,-0.003712232784936396,-0.3712232784936396,31.666666666666668,0.09008544512512767,27
FC Bayern München,Thomas Müller,-0.003826145775295594,-0.3826145775295594,17.741935483870968,0.06673105568266859,31
FC Bayern München,Raphaël Guerreiro,-0.0038730398416693458,-0.38730398416693457,41.65,0.0476012136012136,20
FC Bayern München,Mathys Tel,-0.00455519054237928,-0.455519054237928,10.933333333333334,0.10715122355598547,30
FC Bayern München,Eric-Maxim Choupo-Moting,-0.0045994771988642985,-0.4599477198864298,8.076923076923077,0.05249204448380273,26
FC Bayern München,Manuel Neuer,-0.005009750271444877,-0.5009750271444878,27.652173913043477,0.11188358570346148,23
FC Bayern München,Jamal Musiala,-0.005096199684598189,-0.5096199684598188,25.0,0.08348987817737819,24
FC Bayern München,Matthijs de Ligt,-0.007842577601313244,-0.7842577601313244,49.86363636363637,0.061868628605641594,22
RasenBallsport Leipzig,David Raum,0.0098247358972999,0.9824735897299901,47.29032258064516,0.09555867050682719,31
RasenBallsport Leipzig,Xaver Schlager,0.009638460240313574,0.9638460240313573,53.48275862068966,0.06532962385179135,29
RasenBallsport Leipzig,Xavi Simons,0.007547915515546597,0.7547915515546597,33.78125,0.07317343742566958,32
RasenBallsport Leipzig,Dani Olmo,0.006012423243943635,0.6012423243943635,23.571428571428573,0.09506147386249428,21
RasenBallsport Leipzig,Willi Orbán,0.004314171698590345,0.43141716985903444,64.57894736842105,0.07463212295919062,19
RasenBallsport Leipzig,Castello Lukeba,0.0031821995120014032,0.31821995120014035,52.15625,0.04752984614591758,32
RasenBallsport Leipzig,Kevin Kampl,0.0029595178878316967,0.2959517887831697,37.541666666666664,0.07605026036573656,24
RasenBallsport Leipzig,Benjamin Henrichs,0.00290910656553799,0.290910656553799,38.18181818181818,0.08041750557443199,33
RasenBallsport Leipzig,Amadou Haidara,-0.0005838144411690193,-0.05838144411690192,31.285714285714285,0.06752404970942386,21
RasenBallsport Leipzig,Mohamed Simakan,-0.0009756631013079879,-0.09756631013079879,40.90625,0.0705501174585996,32
RasenBallsport Leipzig,Janis Blaswich,-0.0015122638602900619,-0.15122638602900618,35.333333333333336,0.05884356510206851,21
RasenBallsport Leipzig,Lukas Klostermann,-0.002170641877012035,-0.2170641877012035,43.43478260869565,0.07039874147017004,23
RasenBallsport Leipzig,Christopher Lenz,-0.003021568254226703,-0.3021568254226703,7.6,0.046772312343740914,5
RasenBallsport Leipzig,Emil Forsberg,-0.005115052103881397,-0.5115052103881397,11.5,0.08606337681592784,14
RasenBallsport Leipzig,Nicolas Seiwald,-0.0058905173464903655,-0.5890517346490365,14.714285714285714,0.07256132063955194,21
RasenBallsport Leipzig,Timo Werner,-0.006072936013760674,-0.6072936013760675,7.25,0.05809098639455783,8
RasenBallsport Leipzig,Fábio Carvalho,-0.006855912971063237,-0.6855912971063236,7.444444444444445,0.08453984287317622,9
RasenBallsport Leipzig,Yussuf Poulsen,-0.006983070672533014,-0.6983070672533014,7.5,0.0597843247077941,28
RasenBallsport Leipzig,Benjamin Sesko,-0.007066488262602556,-0.7066488262602556,6.935483870967742,0.06931166972641628,31
RasenBallsport Leipzig,Loïs Openda,-0.008504701289734446,-0.8504701289734445,9.617647058823529,0.11320111960868263,34
RasenBallsport Leipzig,Eljif Elmas,-0.0089814655613324,-0.8981465561332398,6.5,0.04940849966360171,14
RasenBallsport Leipzig,Christoph Baumgartner,-0.009163942976740695,-0.9163942976740697,10.774193548387096,0.07746269667352616,31
RasenBallsport Leipzig,Péter Gulácsi,-0.00951782605552662,-0.951782605552662,27.153846153846153,0.06467608805520894,13
RasenBallsport Leipzig,El Chadaille Bitshiabu,-0.011185628144522971,-1.1185628144522972,7.666666666666667,0.051703660096517244,6
SC Freiburg,Nicolas Höfler,0.011611344916550272,1.161134491655027,33.392857142857146,0.11058357411673737,28
SC Freiburg,Maximilian Eggestein,0.008970709194926499,0.8970709194926498,31.424242424242426,0.09979273171913866,33
SC Freiburg,Vincenzo Grifo,0.007806000388309,0.7806000388309,27.4375,0.059956298947542085,32
SC Freiburg,Manuel Gulde,0.004085385565016622,0.4085385565016621,35.56,0.042854540697397844,25
SC Freiburg,Matthias Ginter,0.0011652210317238954,0.11652210317238954,44.391304347826086,0.05686301448723809,23
SC Freiburg,Roland Sallai,0.00021107421147121747,0.021107421147121747,15.11111111111111,0.059980341283251346,27
SC Freiburg,Philipp Lienhart,1.2361108715401118e-05,0.001236110871540112,52.53333333333333,0.05043748050890908,15
SC Freiburg,Kiliann Sildillia,-0.00015449946410211817,-0.015449946410211817,30.074074074074073,0.08408205071056109,27
SC Freiburg,Lucas Höler,-0.0003583032754602599,-0.03583032754602599,15.06060606060606,0.1054655048981556,33
SC Freiburg,Ritsu Doan,-0.00045929089373828076,-0.04592908937382808,17.366666666666667,0.07626343828129543,30
SC Freiburg,Noah Atubolu,-0.0004922457315860718,-0.04922457315860718,23.529411764705884,0.09056260367992754,34
SC Freiburg,Merlin Röhl,-0.0022119055485507327,-0.2211905548550733,14.75,0.11067634957973786,24
SC Freiburg,Lukas Kübler,-0.002455409444024875,-0.24554094440248747,28.423076923076923,0.054944134557405905,26
SC Freiburg,Christian Günter,-0.0034324860125826808,-0.34324860125826806,24.0,0.07777314704695656,15
SC Freiburg,Kenneth Schmidt,-0.0048116200149244115,-0.48116200149244115,8.4,0.05088156288156288,5
SC Freiburg,Jordy Makengo,-0.0054782543193536756,-0.5478254319353676,21.6,0.06103464590964591,20
SC Freiburg,Michael Gregoritsch,-0.005985419362059204,-0.5985419362059204,8.03125,0.08861190603378104,32
SC Freiburg,Yannik Keitel,-0.006316562407015436,-0.6316562407015435,28.066666666666666,0.051537540942302854,15
SC Freiburg,Maximilian Philipp,-0.009497308448295771,-0.9497308448295771,4.9411764705882355,0.049465858963273324,17
SC Freiburg,Junior Adamu,-0.009539139772074141,-0.9539139772074141,1.7272727272727273,0.018766088408945555,11
SC Freiburg,Noah Weißhaupt,-0.009667206637462303,-0.9667206637462303,11.166666666666666,0.0650563598108241,24
SC Freiburg,Florent Muslija,-0.012623078056746414,-1.2623078056746413,6.111111111111111,0.07777341705913135,9
SV Darmstadt 98,Fabian Holland,0.013973088790179642,1.3973088790179644,29.652173913043477,0.06487379942348888,23
SV Darmstadt 98,Matthias Bader,0.009835302767457935,0.9835302767457934,26.541666666666668,0.10370315531029817,24
SV Darmstadt 98,Klaus Gjasula,0.00875958726651931,0.8759587266519309,27.045454545454547,0.06642920991946967,22
SV Darmstadt 98,Julian Justvan,0.008293762112009781,0.8293762112009782,20.571428571428573,0.09639497312966702,14
SV Darmstadt 98,Emir Karic,0.008071273238455837,0.8071273238455837,33.407407407407405,0.07927742500493824,27
SV Darmstadt 98,Fabian Nürnberger,0.0071609168097056105,0.7160916809705611,32.19047619047619,0.0853367078877283,21
SV Darmstadt 98,Tim Skarke,0.005789418471697797,0.5789418471697798,19.566666666666666,0.10010106736297213,30
SV Darmstadt 98,Marvin Mehlem,0.005501639693793625,0.5501639693793625,21.85,0.07460216503073647,20
SV Darmstadt 98,Tobias Kempe,0.004747956409574409,0.4747956409574409,16.083333333333332,0.06494609061573348,24
SV Darmstadt 98,Bartol Franjic,0.003729257078052689,0.3729257078052689,23.45,0.0942676899819757,20
SV Darmstadt 98,Marcel Schuhen,0.003133987533917707,0.3133987533917707,27.548387096774192,0.07633815024368021,31
SV Darmstadt 98,Jannik Müller,0.002641535056470447,0.26415350564704465,25.3125,0.04775679347107919,16
SV Darmstadt 98,Christoph Klarer,0.0009267506343716721,0.0926750634371672,33.43333333333333,0.054385556683175726,30
SV Darmstadt 98,Andreas Müller,-0.001681613524502821,-0.16816135245028205,10.909090909090908,0.11832626007950685,11
SV Darmstadt 98,Matej Maglica,-0.002180183813261174,-0.21801838132611745,28.0,0.05129527930352107,26
SV Darmstadt 98,Clemens Riedel,-0.003515820092791912,-0.3515820092791912,34.0,0.04270189277842339,14
SV Darmstadt 98,Fabian Schnellhardt,-0.004002628671050279,-0.4002628671050279,14.3,0.07418281453995741,10
SV Darmstadt 98,Mathias Honsak,-0.004118819750291148,-0.41188197502911483,8.909090909090908,0.09023383182474091,22
SV Darmstadt 98,Christoph Zimmermann,-0.004300275646901444,-0.43002756469014447,23.31578947368421,0.0545145309994934,19
SV Darmstadt 98,Luca Pfeiffer,-0.005988867416652147,-0.5988867416652147,11.608695652173912,0.08729476010531911,23
SV Darmstadt 98,Aaron Seydel,-0.008334862967116045,-0.8334862967116046,6.4,0.08332301825158969,15
SV Darmstadt 98,Thomas Isherwood,-0.008522839605338355,-0.8522839605338355,21.272727272727273,0.03999855964141679,11
SV Darmstadt 98,Gerrit Holtmann,-0.010758903837553369,-1.0758903837553369,10.2,0.08368813461670606,10
SV Darmstadt 98,Fraser Hornby,-0.011284392497904392,-1.1284392497904392,4.714285714285714,0.02487528344671202,7
SV Darmstadt 98,Oscar Vilhelmsson,-0.01153779721655453,-1.153779721655453,4.961538461538462,0.04379144309089364,26
SV Darmstadt 98,Sebastian Polter,-0.018653395178843665,-1.8653395178843668,6.666666666666667,0.07688836149153609,9
SV Darmstadt 98,Fabio Torsiello,-0.02228997832792441,-2.228997832792441,1.6,0.006947089947089947,10
SV Darmstadt 98,Filip Stojilkovic,-0.026351084815107024,-2.6351084815107026,1.1666666666666667,0.01027185116470831,6
SV Werder Bremen,Amos Pieper,0.01077568377049928,1.077568377049928,31.142857142857142,0.08703665382236812,7
SV Werder Bremen,Jens Stage,0.005855815849280155,0.5855815849280155,25.966666666666665,0.1116253116372164,30
SV Werder Bremen,Romano Schmid,0.0048415749927466995,0.48415749927467,26.666666666666668,0.10416731496818077,33
SV Werder Bremen,Milos Veljkovic,0.0033829334487819763,0.3382933448781977,43.73913043478261,0.07578944290124415,23
SV Werder Bremen,Senne Lynen,0.002610784727303816,0.2610784727303816,22.125,0.09647525011364297,32
SV Werder Bremen,Anthony Jung,0.0024826461845106258,0.2482646184510626,49.16129032258065,0.05045987145641524,31
SV Werder Bremen,Leonardo Bittencourt,0.002258225650557865,0.2258225650557865,22.586206896551722,0.04821706208405716,29
SV Werder Bremen,Felix Agu,0.0018022864613657374,0.18022864613657374,20.125,0.06117255319636272,24
SV Werder Bremen,Mitchell Weiser,0.0014081450257275806,0.14081450257275804,34.333333333333336,0.08016328358590265,30
SV Werder Bremen,Marco Friedl,0.0011568593918664272,0.11568593918664272,35.64,0.07983782143782144,25
SV Werder Bremen,Niklas Stark,0.00011879707369586042,0.011879707369586042,27.705882352941178,0.05471862871022535,17
SV Werder Bremen,Michael Zetterer,-0.0006741412168842663,-0.06741412168842663,28.0,0.05855607869496758,27
SV Werder Bremen,Marvin Ducksch,-0.0027452460672219192,-0.2745246067221919,15.242424242424242,0.09081399080316829,33
SV Werder Bremen,Rafael Borré,-0.0033245252975981046,-0.33245252975981043,12.333333333333334,0.08369873806381743,18
SV Werder Bremen,Julián Malatini,-0.0034991011077740103,-0.34991011077740103,32.77777777777778,0.05247790569219141,9
SV Werder Bremen,Olivier Deman,-0.005810850827396884,-0.5810850827396884,18.785714285714285,0.10063847716908943,28
SV Werder Bremen,Justin Njinmah,-0.0059067532051126775,-0.5906753205112677,6.166666666666667,0.06924041346660394,24
SV Werder Bremen,Nick Woltemade,-0.006724564920688514,-0.6724564920688514,10.733333333333333,0.0722696210315258,30
SV Werder Bremen,Jiri Pavlenka,-0.00731182878271711,-0.731182878271711,21.428571428571427,0.046051743041538966,7
SV Werder Bremen,Skelly Alvero,-0.009050506744711676,-0.9050506744711676,10.166666666666666,0.08287887377173092,6
SV Werder Bremen,Dawid Kownacki,-0.012429725004204969,-1.242972500420497,2.9523809523809526,0.042936803055850674,21
SV Werder Bremen,Naby Keïta,-0.013346017004372546,-1.3346017004372546,9.8,0.0704565381708239,5
SV Werder Bremen,Christian Groß,-0.013452011485383743,-1.3452011485383744,23.61111111111111,0.054350407088502334,18
TSG 1899 Hoffenheim,Anton Stach,0.010567393437023365,1.0567393437023367,32.67741935483871,0.09113984070205268,31
TSG 1899 Hoffenheim,Andrej Kramaric,0.009360383081118443,0.9360383081118443,27.6,0.07997611295230343,30
TSG 1899 Hoffenheim,Kevin Vogt,0.007728544722301493,0.7728544722301494,44.8125,0.06290750915750916,16
TSG 1899 Hoffenheim,Florian Grillitsch,0.007270543351428094,0.7270543351428094,48.03448275862069,0.057715134254543124,29
TSG 1899 Hoffenheim,Pavel Kaderabek,0.005985597938721987,0.5985597938721987,28.517241379310345,0.09009955971778631,29
TSG 1899 Hoffenheim,Grischa Prömel,0.0012012932977730722,0.12012932977730721,27.107142857142858,0.06935081924877844,28
TSG 1899 Hoffenheim,Ozan Kabak,0.0008586210314677449,0.08586210314677449,40.642857142857146,0.05641681825355295,28
TSG 1899 Hoffenheim,Kevin Akpoguma,0.00015111094357175345,0.01511109435717532,34.35294117647059,0.05328923877243205,17
TSG 1899 Hoffenheim,Tim Drexler,-0.0006170621326150316,-0.06170621326150316,38.375,0.053491821505214365,8
TSG 1899 Hoffenheim,Oliver Baumann,-0.003896975567929702,-0.3896975567929702,23.823529411764707,0.07718802672584185,34
TSG 1899 Hoffenheim,Wout Weghorst,-0.004309867616641563,-0.4309867616641563,14.185185185185185,0.09754567449011893,27
TSG 1899 Hoffenheim,John Brooks,-0.004384294167440292,-0.43842941674402924,32.523809523809526,0.07249249679521788,21
TSG 1899 Hoffenheim,Stanley Nsoki,-0.0044510554413861115,-0.44510554413861114,28.363636363636363,0.06421813636099351,11
TSG 1899 Hoffenheim,Robert Skov,-0.005523316657845325,-0.5523316657845325,20.24,0.06495894264465693,25
TSG 1899 Hoffenheim,Umut Tohumcu,-0.0062872490836731135,-0.6287249083673112,17.6,0.09525011033939605,20
TSG 1899 Hoffenheim,David Jurásek,-0.006960538003852708,-0.6960538003852708,12.692307692307692,0.07035623920239306,13
TSG 1899 Hoffenheim,Maximilian Beier,-0.007514814793075122,-0.7514814793075122,10.787878787878787,0.08186078692031074,33
TSG 1899 Hoffenheim,Marius Bülter,-0.008473076659863953,-0.8473076659863954,17.413793103448278,0.06433135875254102,29
TSG 1899 Hoffenheim,Bambasé Conté,-0.00913454384643104,-0.9134543846431039,2.5714285714285716,0.038505066362209225,7
TSG 1899 Hoffenheim,Finn Becker,-0.00933685750499963,-0.933685750499963,10.636363636363637,0.06213159555692023,22
TSG 1899 Hoffenheim,Ihlas Bebou,-0.009514152178600053,-0.9514152178600053,10.59375,0.07978157383291312,32
TSG 1899 Hoffenheim,Tom Bischof,-0.012321361126658065,-1.2321361126658064,6.384615384615385,0.06077736061252545,13
TSG 1899 Hoffenheim,Mergim Berisha,-0.014675443398235751,-1.467544339823575,4.0,0.057920046223617655,6
VfB Stuttgart,Angelo Stiller,0.0068095795823487635,0.6809579582348764,72.06451612903226,0.05802835967582511,31
VfB Stuttgart,Atakan Karazor,0.005861032904866967,0.5861032904866967,50.42424242424242,0.059234364320944415,33
VfB Stuttgart,Hiroki Ito,0.0004519894402657073,0.04519894402657073,68.46153846153847,0.05727639017474183,26
VfB Stuttgart,Enzo Millot,-3.7510517275941175e-05,-0.0037510517275941174,37.935483870967744,0.06383387477857524,31
VfB Stuttgart,Waldemar Anton,-0.00030559992507355464,-0.030559992507355464,69.06060606060606,0.08047853261056725,33
VfB Stuttgart,Serhou Guirassy,-0.0005681047437115584,-0.05681047437115584,21.428571428571427,0.13518726171787396,28
VfB Stuttgart,Lilian Egloff,-0.0012915034043097906,-0.12915034043097906,6.4,0.04893235071806501,5
VfB Stuttgart,Maximilian Mittelstädt,-0.0019394413409729923,-0.19394413409729924,45.774193548387096,0.07853527765970163,31
VfB Stuttgart,Chris Führich,-0.0023001407327044392,-0.2300140732704439,31.323529411764707,0.06623947481090338,34
VfB Stuttgart,Anthony Rouault,-0.002428965591049259,-0.2428965591049259,40.3,0.05663851822780395,20
VfB Stuttgart,Deniz Undav,-0.002917429362603637,-0.2917429362603637,19.4,0.10298822650013126,30
VfB Stuttgart,Roberto Massimo,-0.0031120144385132996,-0.31120144385133,5.2,0.040701710987425276,5
VfB Stuttgart,Jamie Leweling,-0.0032049908296179716,-0.32049908296179713,13.647058823529411,0.09569637373208803,34
VfB Stuttgart,Jovan Milosevic,-0.0035032074618408736,-0.3503207461840874,1.4,0.00808843537414966,5
VfB Stuttgart,Josha Vagnoman,-0.0036501472051399283,-0.36501472051399286,27.5,0.09905484433262211,18
VfB Stuttgart,Silas,-0.004408011555805556,-0.44080115558055555,7.592592592592593,0.08429712752464075,27
VfB Stuttgart,Woo-yeong Jeong,-0.004610788255113696,-0.4610788255113696,10.64,0.06461853596139311,25
VfB Stuttgart,Dan-Axel Zagadou,-0.004954063599051817,-0.49540635990518167,60.94736842105263,0.049716846089026545,19
VfB Stuttgart,Pascal Stenzel,-0.00625756310638599,-0.625756310638599,32.095238095238095,0.054530925109156414,21
VfB Stuttgart,Alexander Nübel,-0.006271757351864741,-0.6271757351864742,27.566666666666666,0.06793595645976598,30
VfB Stuttgart,Leonidas Stergiou,-0.006287556957572815,-0.6287556957572815,21.0,0.07119186192995718,15
VfB Stuttgart,Mahmoud Dahoud,-0.009158098272797344,-0.9158098272797344,16.083333333333332,0.08499250198654962,12
VfL Bochum,Kevin Stöger,0.02650309269259563,2.6503092692595627,37.65625,0.05062621261840012,32
VfL Bochum,Patrick Osterhage,0.015960766844076556,1.5960766844076557,26.041666666666668,0.08960752430990526,24
VfL Bochum,Bernardo,0.011324068703260283,1.1324068703260284,33.15151515151515,0.08631052128887627,33
VfL Bochum,Manuel Riemann,0.009829940864978456,0.9829940864978455,23.727272727272727,0.06833798296460634,33
VfL Bochum,Keven Schlotterbeck,0.006250307581357258,0.625030758135726,27.666666666666668,0.0744356312411868,27
VfL Bochum,Anthony Losilla,0.00549769756418031,0.5497697564180309,20.129032258064516,0.09037234420298937,31
VfL Bochum,Matus Bero,0.0018159665089099648,0.1815966508909965,14.91304347826087,0.11458752600056948,23
VfL Bochum,Felix Passlack,0.0016286368458379016,0.16286368458379016,15.6,0.07095013716442287,15
VfL Bochum,Danilo Soares,-0.00011026567651686303,-0.011026567651686303,21.6,0.07088430617002045,5
VfL Bochum,Erhan Masovic,-0.004358992271376261,-0.4358992271376261,20.357142857142858,0.053038478669856226,28
VfL Bochum,Maximilian Wittek,-0.005709833375473415,-0.5709833375473414,13.285714285714286,0.06733072105521086,21
VfL Bochum,Philipp Förster,-0.006304504168954262,-0.6304504168954262,11.076923076923077,0.062375056262418904,13
VfL Bochum,Ivan Ordets,-0.006441731382928241,-0.6441731382928242,19.083333333333332,0.08217163375645518,24
VfL Bochum,Gonçalo Paciência,-0.007170743475790658,-0.7170743475790657,5.722222222222222,0.04769601430315716,18
VfL Bochum,Cristian Gamboa,-0.007358757000960314,-0.7358757000960314,16.1,0.06751768667840095,20
VfL Bochum,Takuma Asano,-0.0076948219636666345,-0.7694821963666634,8.206896551724139,0.08082063758172132,29
VfL Bochum,Christopher Antwi-Adjei,-0.011387115420873863,-1.1387115420873863,9.68,0.07428401915544773,25
VfL Bochum,Philipp Hofmann,-0.012827247391519771,-1.2827247391519772,9.285714285714286,0.07362862572046246,28
VfL Bochum,Tim Oermann,-0.014357695061014857,-1.4357695061014857,10.6875,0.0416904701614523,16
VfL Bochum,Moritz-Broni Kwarteng,-0.01657475102973888,-1.6574751029738883,5.7272727272727275,0.05171225299472053,11
VfL Bochum,Moritz Broschinski,-0.020170247714937535,-2.0170247714937535,5.72,0.055782259803688374,25
VfL Bochum,Lukas Daschner,-0.022394552566801066,-2.2394552566801065,5.315789473684211,0.060535524764848074,19
VfL Bochum,Noah Loosli,-0.025612854728118313,-2.561285472811831,8.222222222222221,0.057639725060359984,9
VfL Wolfsburg,Maximilian Arnold,0.01318157095863353,1.318157095863353,40.233333333333334,0.10136243826720018,30
VfL Wolfsburg,Maxence Lacroix,0.008325580039676341,0.832558003967634,42.67857142857143,0.06447257910268114,28
VfL Wolfsburg,Joakim Maehle,0.005968811559641959,0.5968811559641959,40.166666666666664,0.08456275911037817,30
VfL Wolfsburg,Rogério,0.005608190510582307,0.5608190510582307,32.38461538461539,0.07993758988264482,13
VfL Wolfsburg,Lovro Majer,0.0043146057936217334,0.43146057936217336,22.4375,0.09613146443503587,32
VfL Wolfsburg,Moritz Jenz,0.0018660952302286663,0.18660952302286662,40.95454545454545,0.04335060262008314,22
VfL Wolfsburg,Ridle Baku,0.0012500499334563329,0.12500499334563334,23.03030303030303,0.07738089111465735,33
VfL Wolfsburg,Aster Vranckx,0.0005861010322897505,0.05861010322897503,20.083333333333332,0.09310816223018605,24
VfL Wolfsburg,Yannick Gerhardt,0.0004956088163561701,0.04956088163561697,22.44,0.09239464186607044,25
VfL Wolfsburg,Mattias Svanberg,0.0004836991947757108,0.04836991947757104,22.32,0.07527684696256125,25
VfL Wolfsburg,Cédric Zesiger,0.00010482371941803661,0.01048237194180366,40.90909090909091,0.06680775453502727,22
VfL Wolfsburg,Jonas Wind,-0.0030353393161283845,-0.3035339316128385,13.088235294117647,0.12523403203550262,34
VfL Wolfsburg,Koen Casteels,-0.004763526267396818,-0.4763526267396819,21.24,0.07028298447584162,25
VfL Wolfsburg,Pavao Pervan,-0.005281515371170498,-0.5281515371170498,19.88888888888889,0.05734697107712981,9
VfL Wolfsburg,Kevin Paredes,-0.005445896343829165,-0.5445896343829165,16.035714285714285,0.07100072168949721,28
VfL Wolfsburg,Sebastiaan Bornauw,-0.006133288149623278,-0.6133288149623277,35.35,0.04189134344491487,20
VfL Wolfsburg,Nicolas Cozza,-0.006749097259773555,-0.6749097259773554,23.333333333333332,0.029734319912891344,6
VfL Wolfsburg,Vaclav Cerny,-0.006832984129548131,-0.6832984129548131,10.318181818181818,0.04356816283764336,22
VfL Wolfsburg,Tiago Tomás,-0.010702444203362787,-1.0702444203362786,6.730769230769231,0.0589139838590388,26
VfL Wolfsburg,Kevin Behrens,-0.010920687444781542,-1.0920687444781543,8.692307692307692,0.06256817256817257,13
VfL Wolfsburg,Jakub Kaminski,-0.012255312970542352,-1.2255312970542351,8.9375,0.053056009797081236,16
VfL Wolfsburg,Kilian Fischer,-0.01258857617975584,-1.2588576179755837,15.833333333333334,0.034766556195127626,6
VfL Wolfsburg,Amin Sarr,-0.015367564036194267,-1.5367564036194266,7.461538461538462,0.04214375164924616,13
VfL Wolfsburg,Patrick Wimmer,-0.01648596688589011,-1.6485966885890109,8.857142857142858,0.05367686451870125,14
